<?xml version="1.0" encoding="utf-8"?>
<install type="module" version="2.5.4">
	<name>BJ Dropdown Menu</name>
	<author>ByJoomla.com</author>
	<creationDate>12th September 2010</creationDate>
	<copyright>ByJoomla.com</copyright>
	<license></license>
	<authorEmail>admin@byjoomla.com</authorEmail>
	<authorUrl>www.byjoomla.com</authorUrl>
	<version>2.5.4</version>
	<description><![CDATA[
		Show Menu in a dropdown style with effects
	]]></description>
	<files>
		<filename module="mod_bj_dropdown_menu">mod_bj_dropdown_menu.php</filename>
		<filename>bj_dropdown_menu.css</filename>
		<filename>helper.php</filename>
		<filename>index.html</filename>
		<filename>jquery.js</filename>
		<filename>tmpl/default.php</filename>
		<filename>tmpl/index.html</filename>		
	</files>
	<params>
		<param name="cache" type="radio" default="0" label="Enable Cache" description="Select whether to cache the content of this module">
			<option value="0">No</option>
			<option value="1">Yes</option>
		</param>
		<param name="moduleclass_sfx" type="text" default="" label="Module Class Suffix" description="A suffix to be applied to the css class of the module (table.moduletable), this allows individual module styling" />
		<param name="menuclass_sfx" type="text" default="" label="Menu Class Suffix" description="A suffix to be applied to the css class of the menu items" />
		<param name="@spacer" type="spacer" default="" label="" description="" />
		<param name="menutype" type="mos_menu" default="mainmenu" label="Menu Name" description="The name of the menu (default is `mainmenu`)" />
		<param name="legacy_mode" type="radio" default="0" label="Legacy Mode" description="Choosing `Yes` will use Joomla! default `#mainlevel` CSS selector for root &lt;ul&gt; tag and `#active_menu` for active menu item. Choosing `No` will allow the use of multiple list style menu instances and multiple active menu items in same page without the loss of xHTML compliance, but require modification on `template_css.css` file to include definition of `.list_menu` and `.active_mitem` CSS selectors">
			<option value="0">No</option>
			<option value="1">Yes</option>
		</param>
		<param name="active_id" type="radio" default="1" label="Active Highlighting" description="Enable active menu item highlighting">
			<option value="0">No</option>
			<option value="1">Yes</option>
		</param>
		<param name="full_active_id" type="radio" default="1" label="Full Active Highlighting" description="Enable full active menu item highlighting, including for `Link - Component Item` and `Link - Url`, which will require modification on `template_css.css` file to include definition of `.active_mitem` CSS selector">
			<option value="0">No</option>
			<option value="1">Yes</option>
		</param>
		<param name="activate_parent" type="radio" default="1" label="Activate Parent" description="Enable active highlighting also for all parent menu items in the hierarchycal list menu">
			<option value="0">No</option>
			<option value="1">Yes</option>
		</param>
		<param name="@spacer" type="spacer" default="" label="" description="" />
		<param name="rootmenu_count" type="text" default="0" label="Root-menu Count" description="How many item of root-menu to display? Input 0 to display all root-menu items" />
		<param name="submenu_deep" type="text" default="2" label="Sub-menu deep" description="How many level of sub-menu you want to show?" />
		<param name="expand_all" type="radio" default="1" label="Expand All" description="Expand all sub-menus or just sub-menu of active root-menu item?">
			<option value="0">No</option>
			<option value="1">Yes</option>
		</param>
		<param name="need_jquery" type="radio" default="0" label="Need JQuery?" description="Choose 'No' if you are sure that JQuery is loaded elsewhere. Choose 'Yes' if you are sure that JQuery is not loaded elsewhere">
			<option value="0">No</option>
			<option value="1">Yes</option>
		</param>
		<param name="@spacer" type="spacer" default="" label="" description="" />
		<param name="animate_dropdown" type="radio" default="1" label="Animate Dropdown Menu" description="Animate Dropdown Menu">
			<option value="0">No</option>
			<option value="1">Yes</option>
		</param>
		<param name="dropdown_opacity" type="text" default="0.9" label="Dropdown Menu Opacity" description="Dropdown Menu Opacity (not work on IE)" />
	</params>
</install>
