<?xml version="1.0" encoding="utf-8"?>
<!DOCTYPE install PUBLIC "-//Joomla! 1.5//DTD template 1.0//EN" "http://dev.joomla.org/xml/1.5/template-install.dtd">
<install version="1.5.0" type="template">
	<name>BJ_Venus_2</name>
	<creationDate>22th June 2011</creationDate>
	<author>ByJoomla.com</author>
	<copyright>Copyright (c) 2008-2011 - byjoomla.com. All rights reserved unless otherwise stated.</copyright>
	<authorEmail>admin@byjoomla.com</authorEmail>
	<authorUrl>http://www.byjoomla.com</authorUrl>
	<version>1.5.0</version>
	<license>Read the included GENERAL_TERMS.pdf and ADDTIONAL_TERMS_PRO_PRODUCT.pdf file or visit http://www.byjoomla.com/ for available editions and licenses details.</license>
	<description><![CDATA[
<img src="../templates/bj_venus_2/template_thumbnail.png" style="margin-right: 1em; float: left" />
<p><strong>Version:</strong> 1.5.0</p>
<p><strong>Date: </strong>22th June 2011</p>
<p><strong>Author: </strong>ByJoomla.com</p>
<p><strong>Author URL: </strong><a href="http://www.byjoomla.com" title="ByJoomla.com" target="_blank">www.byjoomla.com</a></p>
	]]></description>
<files>
    <filename>index.php</filename>
    <filename>template_thumbnail.png</filename>
	<filename>component.php</filename>
	<filename>favicon.ico</filename>
	<filename>index.html</filename>
	<filename>COPYRIGHT.txt</filename>
	<filename>read_tpl_params.php</filename>	
	<filename>params.ini</filename>
	<folder>images</folder>
	<folder>css</folder>
	<folder>func</folder>	
	<folder>html</folder>
</files>
<positions>
		<position>header</position>
		<position>toolbar</position>
		<position>advert1</position>
		<position>advert2</position>
		<position>headline</position>
		<position>top</position>
		<position>left</position>
		<position>right</position>
		<position>bottom</position>
		<position>banner</position>
		<position>breadcrumbs</position>		
		<position>user1</position>
		<position>user2</position>
		<position>user3</position>
		<position>user4</position>
		<position>user5</position>		
		<position>footer</position>		
		<position>legals</position>		
		
</positions>
<params>
	<param name="componentheading" type="list" default="H1" label="Component Heading" description="Component Heading">
		<option value="h1">H1</option>
		<option value="h2">H2</option>
		<option value="h3">H3</option>
	</param>
	<param name="contentheading" type="list" default="H2" label="Content Heading" description="Content Heading">
		<option value="h1">H1</option>
		<option value="h2">H2</option>
		<option value="h3">H3</option>
	</param>
	<param name="moduleheading" type="list" default="H3" label="Module Heading" description="Module Heading">
		<option value="h3">H3</option>
		<option value="h4">H4</option>
		<option value="h5">H5</option>		
	</param>
	<param name="pathway_text" type="text" default="You are here:" label="'You are here' text" description="Set 'You are here' text in your language"/>
	<param name="backtotop" type="text" default="Back to Top" label="'Back to Top' text" description="Set 'Back to Top' text in your language"/>
	<param name="btn_fb" type="text" default="" label="Facebook Fanpage URL" description="Your Facebook Fanpage URL. Leave blank if you do not want to use this button"/>
	<param name="btn_tweet" type="text" default="" label="Tweeter page URL" description="Your Tweeter page URL. Leave blank if you do not want to use this button"/>
	<param name="btn_rss" type="text" default="" label="RSS link" description="Your RSS link. Leave blank if you do  not want to use this button"/>
	<param name="advert2_height" type="text" default="280" label="Advert2 Height" description="Advert2 Height (in pixels)"/>
	<param name="advert2_width" type="text" default="200" label="Advert2 Width" description="Advert2 Width (in pixels)"/>
</params>
</install>