<?xml version="1.0" encoding="utf-8"?>
<!DOCTYPE install PUBLIC "-//Joomla! 1.6//DTD template 1.0//EN" "http://www.joomla.org/xml/dtd/1.6/template-install.dtd">
<extension version="1.6.0" type="template" client="site">
	<name>BJ_Venus_2</name>
	<creationDate>22th June 2011</creationDate>
	<author>The ByJoomla Team</author>
	<authorEmail>admin@byjoomla.com</authorEmail>
	<authorUrl>http://www.byjoomla.com</authorUrl>
	<copyright>Copyright (C) 2008 - 2011 The ByJoomla Team. All rights reserved.</copyright>
	<license>Read the included GENERAL_TERMS.pdf and ADDTIONAL_TERMS_PRO_PRODUCT.pdf file or visit http://www.byjoomla.com/ for available editions and licenses details.</license>
	<version>1.6.0</version>
	<description><![CDATA[
<img src="../templates/bj_venus_2/template_thumbnail.png" style="margin-right: 1em; float: left" />
<p><strong>Version:</strong> 1.6.0</p>
<p><strong>Date: </strong>22th June 2011</p>
<p><strong>Author: </strong>The ByJoomla Team</p>
<p><strong>Author URL: </strong><a href="http://www.byjoomla.com" title="ByJoomla.com" target="_blank">www.byjoomla.com</a></p>
	]]></description>
	<files>
		<filename>index.php</filename>
		<filename>template_thumbnail.png</filename>
		<filename>component.php</filename>
		<filename>favicon.ico</filename>
		<filename>index.html</filename>
		<filename>COPYRIGHT.txt</filename>
		<filename>read_tpl_params.php</filename>		
		<filename>params.ini</filename>
		<folder>images</folder>
		<folder>css</folder>
		<folder>func</folder>	
		<folder>html</folder>
		<folder>language</folder>
	</files>
	<positions>
		<position>header</position>		
		<position>toolbar</position>
		<position>position-1</position>
		<position>advert1</position>
		<position>advert2</position>
		<position>headline</position>
		<position>top</position>
		<position>left</position>
		<position>right</position>
		<position>bottom</position>
		<position>banner</position>
		<position>breadcrumbs</position>		
		<position>user1</position>
		<position>user2</position>
		<position>user3</position>
		<position>user4</position>
		<position>user5</position>		
		<position>footer</position>		
		<position>legals</position>
	</positions>
	
	<!-- 	For core templates, we also install/uninstall the language files in the core language folders.
	-->
	<languages folder="language">
		<language tag="en-GB">en-GB/en-GB.tpl_bj_venus_2.ini</language>
		<language tag="en-GB">en-GB/en-GB.tpl_bj_venus_2.sys.ini</language>
	</languages>
	
	<config>
		<fields name="params">
			<fieldset name="advanced">
				<field name="pathway_text" type="text" default="You are here:" label="'You are here' text" description="Set 'You are here' text in your language"/>
				<field name="backtotop" type="text" default="Back to Top" label="'Back to Top' text" description="Set 'Back to Top' text in your language"/>

				
				<field name="btn_fb" type="text" default="" label="Facebook Fanpage URL" description="Your Facebook Fanpage URL. Leave blank if you do not want to use this button"/>
	<field name="btn_tweet" type="text" default="" label="Tweeter page URL" description="Your Tweeter page URL. Leave blank if you do not want to use this button"/>
	<field name="btn_rss" type="text" default="" label="RSS link" description="Your RSS link. Leave blank if you do  not want to use this button"/>
	<field name="advert2_height" type="text" default="280" label="Advert2 Height" description="Advert2 Height (in pixels)"/>
	<field name="advert2_width" type="text" default="200" label="Advert2 Width" description="Advert2 Width (in pixels)"/>
			</fieldset>
		</fields>
	</config>
</extension>
