<?xml version="1.0" encoding="utf-8"?>
<install type="component" version="2.5.4">
	<name>BJ Image Slider</name>
	<author>Byjoomla.com</author>
	<creationDate>22th July 2010</creationDate>
	<copyright>(C) 2008-2010 BYJoomla.com. All rights reserved.</copyright>
	<authorEmail>admin@byjoomla.com</authorEmail>
	<authorUrl>www.byjoomla.com</authorUrl>
	<version>2.5.4</version>
	<description><![CDATA[
<img src="../components/com_bjimageslider/bj_imageslider.png" style="margin-right: 1em; float: left" />
<p>This component works as back-end photo manager for BJ! Image Slider modules. Checkout our advanced photos and images presentation modules BJ! Image Slider (mootools version) and BJ! Image Slider 2 (jQuery version) at <a href="http://byjoomla.com">ByJooma.com</a></p>
</p>
]]></description>
	<files>
		<filename>bj_imageslider.png</filename>
	</files>
  <install>
    <queries>
      <query>
        CREATE TABLE IF NOT EXISTS `#__bj_ss_items` (
          `id` int(11) NOT NULL auto_increment,
          `cid` int(11) NOT NULL default '0',
          `name` varchar(255) NOT NULL default '',
          `description` text NOT NULL,
          `cssclass` varchar(255),
          `path` varchar(255) NOT NULL default '',
          `default` tinyint( 1 ) NOT NULL default '0',
          `ordering` int(11) NOT NULL default '0',
          `state` tinyint(1) NOT NULL default '0',
		  `link` varchar(255),
          PRIMARY KEY  (`id`),
          KEY `cid` (`cid`),
          KEY `default` (`default`)
        )
      </query>
      <query>
        CREATE TABLE IF NOT EXISTS `#__bj_ss_categories` (
		  `id` int(11) NOT NULL auto_increment,
		  `name` varchar(255) NOT NULL,
		  `description` text,
		  `ordering` int(11) NOT NULL,
		  `published` tinyint(1) NOT NULL,
		  PRIMARY KEY  (`id`)
		)
      </query>
    </queries>
  </install> 
<installfile>install.bjimageslider.php</installfile>
  <uninstallfile>uninstall.bjimageslider.php</uninstallfile>
  <administration>
    <menu>BJ ImageSlider</menu>
	  <submenu>
	    <menu act="configuration">Configuration</menu>
	    <menu act="categories">Manage Categories</menu>
	    <menu act="photos">Manage Images</menu>
	  </submenu>
    <files>
	  	<filename>classes/categories.php</filename>
	  	<filename>classes/photos.php</filename>
	  	<filename>classes/upload.php</filename>
	  	<filename>classes/configuration.php</filename>
	  	<filename>admin.bjimageslider.html.php</filename>
	  	<filename>admin.bjimageslider.php</filename>
	  	<filename>configuration.php</filename>
	  	<filename>bjimageslider.class.php</filename>
	  	<filename>toolbar.bjimageslider.html.php</filename>
	  	<filename>toolbar.bjimageslider.php</filename>
    </files>
  </administration>
	<params>
	</params>  
</install>
