<?xml version="1.0" encoding="utf-8"?>
<install type="module" version="2.5.4">
    <name>BJ Content Slider</name>
    <creationDate>01st November 2010</creationDate>
    <author>ByJoomla.com</author>
    <copyright>(C) 2008-2010 BYJoomla.com. All rights reserved.</copyright>
    <authorEmail>admin@byjoomla.com</authorEmail>
    <authorUrl>http://www.byjoomla.com</authorUrl>
    <version>2.5.4</version>
    <description>
    	<![CDATA[
    	Show news in a slider
	]]>
    </description>
     <files>         
         <filename module="mod_bj_content_slider">mod_bj_content_slider.php</filename>
         <filename>tmpl/default.php</filename>
		 <filename>tmpl/index.html</filename>
		 <filename>index.html</filename>
		 <filename>helper.php</filename>
         <filename>media/js/jquery-1.4.2.js</filename>
		 <filename>media/js/jquery-contentslider.js</filename>
		 <filename>media/themes/venus/venus.css</filename>
		 <filename>media/themes/venus/item.png</filename>
		 <filename>media/themes/venus/item_active.png</filename>
		 <filename>media/themes/venus/borders_left.png</filename>
		 <filename>media/themes/venus/borders_right.png</filename>
		 <filename>media/themes/venus/box.png</filename>
     </files>
    <params>
    	<param name="moduleclass_sfx" type="text" default="" label="Module Class Suffix" description="PARAMMODULECLASSSUFFIX" />
		<param name="@spacer" type="spacer" default="" label="" description="" />
        <param name="category_id" type="text" default="1" label="Category Id" description="Id of the Category that you want to show" />
        <param name="item_count" type="text" default="3" label="Item count" description="Number of items in category that you want to show" />
        <param name="items" type="text" default="" label="Item List" description="Id of items that you want to show. If leave blank, newest items will be shown" />
		<param name="order_by" type="list" default="created DESC" label="Tab Order" description="Tab should be ordered by what property?">
			<option value="created DESC">Latest Created first</option>
			<option value="created ASC">Oldest Created first</option>
			<option value="ordering ASC">Smallest Ordering first</option>
			<option value="ordering DESC">Biggest Ordering first</option>
		</param>
		<param name="@spacer" type="spacer" default="" label="" description="" />
		<param name="load_style" type="list" default="0" label="Load default style" description="Load default style">
			<option value="0">No style</option>
			<option value="1">Load default style</option>
		</param>
		<param name="slider_height" type="text" default="100px" label="Content Slider Height" description="Content Slider Height (in px)" />
		<param name="roller_interval" type="text" default="500" label="Headline Switching Interval" description="Interval between each headline" />
		<param name="@spacer" type="spacer" default="" label="" description="" />
		<param name="need_jquery" type="radio" default="0" label="Need jQuery?" description="Need jQuery library? If you use this module in a template which does not using jQuery, please choose Yes. Otherwise, choose No">
			<option value="0">No</option>
			<option value="1">Yes</option>
		</param>
    </params>
</install>
